Title,Price
A Light in the Attic,£56.01
Tipping the Velvet,£20.71
Soumission,£30.76
Sharp Objects,£25.99
Sapiens: A Brief History,£53.41
The Requiem Red,£24.92
The Dirty Little Secrets,£43.76
The Coming Woman,£39.47
The Boys in the Boat,£24.04
The Black Maria,£30.01
Starving Hearts,£24.84
Shakespeare's Sonnets,£58.13
Set Me Free,£39.99
Scott Pilgrim's Precious Little Life,£47.05
Rip it Up and Start Again,£36.84
Our Band Could Be Your Life,£45.3
Olio,£37.24
Mesaerion: The Best Science Fiction,£41.82
Libertarianism for Beginners,£20.91
It's Only the Himalayas,£18.73
